<?xml  version="1.0" encoding="UTF-8" ?>
<CustomerData>
  <GeneralInfo>
    <CSCEdition>ED004</CSCEdition>
    <Country>USA</Country>
    <CountryISO>US</CountryISO>
    <Region>NA</Region>
    <SalesCode>ATT</SalesCode>
    <NbNetworkInfo>7</NbNetworkInfo>
    <NetworkInfo>
      <MCCMNC>00101</MCCMNC>
      <NetworkName>Anritsu</NetworkName>
    </NetworkInfo>
    <NetworkInfo>
      <MCCMNC>310150</MCCMNC>
      <NetworkName>ATT</NetworkName>
    </NetworkInfo>
    <NetworkInfo>
      <MCCMNC>310170</MCCMNC>
      <NetworkName>ATT</NetworkName>
    </NetworkInfo>
    <NetworkInfo>
      <MCCMNC>310410</MCCMNC>
      <NetworkName>ATT</NetworkName>
    </NetworkInfo>
    <NetworkInfo>
      <MCCMNC>310560</MCCMNC>
      <NetworkName>ATT</NetworkName>
    </NetworkInfo>
    <NetworkInfo>
      <MCCMNC>311180</MCCMNC>
      <NetworkName>ATT</NetworkName>
    </NetworkInfo>
    <NetworkInfo>
      <MCCMNC>99999</MCCMNC>
      <NetworkName>ATT</NetworkName>
    </NetworkInfo>
  </GeneralInfo>
  <Settings>
    <Main>
      <Security>
        <UnlockCnt>10</UnlockCnt>
        <NbNetworkLock>7</NbNetworkLock>
        <NetworkLock>00101</NetworkLock>
        <NetworkLock>310150</NetworkLock>
        <NetworkLock>310170</NetworkLock>
        <NetworkLock>311180</NetworkLock>
        <NetworkLock>310410</NetworkLock>
        <NetworkLock>310560</NetworkLock>
        <NetworkLock>99999</NetworkLock>
      </Security>
      <Network>
        <NbFastDormancy>8</NbFastDormancy>
        <FastDormancy>
          <NetworkName>ATT</NetworkName>
          <FastDormancyEnableStatus>off</FastDormancyEnableStatus>
          <LCDStatus>on</LCDStatus>
        </FastDormancy>
        <FastDormancy>
          <NetworkName>ATT</NetworkName>
          <FastDormancyEnableStatus>on</FastDormancyEnableStatus>
          <TimeoutValue>3.5</TimeoutValue>
          <LCDStatus>off</LCDStatus>
        </FastDormancy>
        <FastDormancyRel8>
          <NetworkName>ATT</NetworkName>
          <FastDormancyEnableStatus>off</FastDormancyEnableStatus>
          <LCDStatus>on</LCDStatus>
        </FastDormancyRel8>
        <FastDormancyRel8>
          <NetworkName>ATT</NetworkName>
          <FastDormancyEnableStatus>on</FastDormancyEnableStatus>
          <TimeoutValue>3.5</TimeoutValue>
          <LCDStatus>off</LCDStatus>
        </FastDormancyRel8>
        <FastDormancy>
          <NetworkName>Anritsu</NetworkName>
          <FastDormancyEnableStatus>off</FastDormancyEnableStatus>
          <LCDStatus>on</LCDStatus>
        </FastDormancy>
        <FastDormancy>
          <NetworkName>Anritsu</NetworkName>
          <FastDormancyEnableStatus>off</FastDormancyEnableStatus>
          <LCDStatus>off</LCDStatus>
        </FastDormancy>
        <FastDormancyRel8>
          <NetworkName>Anritsu</NetworkName>
          <FastDormancyEnableStatus>off</FastDormancyEnableStatus>
          <LCDStatus>on</LCDStatus>
        </FastDormancyRel8>
        <FastDormancyRel8>
          <NetworkName>Anritsu</NetworkName>
          <FastDormancyEnableStatus>off</FastDormancyEnableStatus>
          <LCDStatus>off</LCDStatus>
        </FastDormancyRel8>
        <NbSOSNumber>2</NbSOSNumber>
        <SOSNumber>911</SOSNumber>
        <SOSNumber>112</SOSNumber>
        <NbSOSNumberNoSIM>8</NbSOSNumberNoSIM>
        <SOSNumberNoSIM>911</SOSNumberNoSIM>
        <SOSNumberNoSIM>112</SOSNumberNoSIM>
        <SOSNumberNoSIM>08</SOSNumberNoSIM>
        <SOSNumberNoSIM>000</SOSNumberNoSIM>
        <SOSNumberNoSIM>110</SOSNumberNoSIM>
        <SOSNumberNoSIM>118</SOSNumberNoSIM>
        <SOSNumberNoSIM>119</SOSNumberNoSIM>
        <SOSNumberNoSIM>999</SOSNumberNoSIM>
        <AutoProfile>on</AutoProfile>
        <AutoFastDormancy>on</AutoFastDormancy>
      </Network>
      <Sound>
        <ExtraSound>
          <ConnectTone>on</ConnectTone>
          <CallEndTone>on</CallEndTone>
          <MinuteMind>off</MinuteMind>
        </ExtraSound>
      </Sound>
      <Phone>
        <DefLanguage>automatic</DefLanguage>
        <DefLanguageNoSIM>english_us</DefLanguageNoSIM>
        <T9Enabling>enable</T9Enabling>
        <T9Language>english</T9Language>
        <ContinuousInput>enable</ContinuousInput>
        <DateTimeFormat>
          <DateFormat>mmddyyyy</DateFormat>
          <TimeFormat>12h</TimeFormat>
          <TimezoneUpdate>on</TimezoneUpdate>
        </DateTimeFormat>
        <AlertOnCall>on</AlertOnCall>
      </Phone>
    </Main>
    <Messages>
      <SMS>
        <CharSupport>gsmalpha</CharSupport>
        <MaxRecipient>10</MaxRecipient>
        <MsgTypeThreshold>
          <ThresholdValue>5</ThresholdValue>
        </MsgTypeThreshold>
      </SMS>
      <MMS>
        <GroupMessaging>on</GroupMessaging>
        <MmsSending>
          <MessageSize>1m</MessageSize>
          <ImageResizeResolution>qsxga</ImageResizeResolution>
          <MaxRecipientMMS>10</MaxRecipientMMS>
        </MmsSending>
      </MMS>
      <Email>
        <EmailReceiving>
          <PollTime>1H</PollTime>
        </EmailReceiving>
      </Email>
    </Messages>
    <sound>
        <MessageTone src="/system/media/audio/notifications/S_Sherbet.ogg">
            <FileType>ogg</FileType>
        </MessageTone>
    </sound>
    <Browser>
      <NbBookmark>4</NbBookmark>
      <Bookmark>
        <NetworkName>ATT</NetworkName>
        <Editable>yes</Editable>
        <Index>1</Index>
        <BookmarkName>AT&amp;T Mobile Web</BookmarkName>
        <URL>http://home.att.com</URL>
      </Bookmark>
      <Bookmark>
        <NetworkName>ATT</NetworkName>
        <Editable>yes</Editable>
        <Index>2</Index>
        <BookmarkName>AT&amp;T Wi-Fi Hot Spots</BookmarkName>
        <URL>http://attwifi.knowwhere.com/attwifiw/</URL>
      </Bookmark>
      <Bookmark>
        <NetworkName>ATT</NetworkName>
        <Editable>yes</Editable>
        <Index>3</Index>
        <BookmarkName>AT&amp;T Reuse &amp; Recycle</BookmarkName>
        <URL>http://www.att.com/recycle</URL>
      </Bookmark>
      <Bookmark>
        <NetworkName>ATT</NetworkName>
        <Editable>yes</Editable>
        <Index>4</Index>
        <BookmarkName>Device Help</BookmarkName>
        <URL>http://att.siiguides.com/73616d73756e676b</URL>
      </Bookmark>
    </Browser>
    <Connections>
      <NbProfileHandle>1</NbProfileHandle>
      <ProfileHandle>
        <NbNetProfile>4</NbNetProfile>
        <NetworkName>ATT</NetworkName>
        <ProfBrowser>ATT Phone</ProfBrowser>
        <ProfMMS>ATT Phone MMS</ProfMMS>
        <ProfActiveSync>ATT Phone ActiveSync</ProfActiveSync>
        <ProfFOTA>ATT Phone FOTA</ProfFOTA>
      </ProfileHandle>
      <NbProfile>4</NbProfile>
      <Profile>
        <NetworkName>ATT</NetworkName>
        <Editable>yes</Editable>
        <EnableStatus>enable</EnableStatus>
        <ProfileName>ATT Phone</ProfileName>
        <Auth>none</Auth>
        <MTUSize>1410</MTUSize>
        <Bearer>ps</Bearer>
        <Protocol>http</Protocol>
        <PSparam>
          <APN>phone</APN>
        </PSparam>
      </Profile>
      <Profile>
        <NetworkName>ATT</NetworkName>
        <Editable>no</Editable>
        <EnableStatus>enable</EnableStatus>
        <ProfileName>ATT Phone MMS</ProfileName>
        <URL>http://mmsc.mobile.att.net</URL>
        <Auth>none</Auth>
        <MTUSize>1410</MTUSize>
        <Bearer>ps</Bearer>
        <Protocol>http</Protocol>
        <Proxy>
          <EnableFlag>on</EnableFlag>
          <ServAddr>proxy.mobile.att.net</ServAddr>
          <Port>80</Port>
        </Proxy>
        <PSparam>
          <APN>phone</APN>
        </PSparam>
      </Profile>
      <Profile>
        <NetworkName>ATT</NetworkName>
        <Editable>no</Editable>
        <EnableStatus>enable</EnableStatus>
        <ProfileName>ATT Phone ActiveSync</ProfileName>
        <Auth>none</Auth>
        <MTUSize>1410</MTUSize>
        <Bearer>ps</Bearer>
        <Protocol>http</Protocol>
        <PSparam>
          <APN>phone</APN>
        </PSparam>
      </Profile>
      <Profile>
        <NetworkName>ATT</NetworkName>
        <Editable>no</Editable>
        <EnableStatus>enable</EnableStatus>
        <ProfileName>ATT Phone FOTA</ProfileName>
        <Auth>none</Auth>
        <MTUSize>1410</MTUSize>
        <Bearer>ps</Bearer>
        <Protocol>http</Protocol>
        <PSparam>
          <APN>phone</APN>
        </PSparam>
      </Profile>
    </Connections>
    <ConnManager>
      <NbMetaNet>1</NbMetaNet>
      <MetaNet>
        <MetaName>NONE</MetaName>
        <DestinationID>NONE</DestinationID>
      </MetaNet>
      <NbNetMapping>1</NbNetMapping>
      <NetMapping>
        <NetMapType>0</NetMapType>
        <NetMapPattern>NONE</NetMapPattern>
        <NetMapNetwork>NONE</NetMapNetwork>
      </NetMapping>
      <NbPrefConn>1</NbPrefConn>
      <PrefConn>
        <NetGUID>NONE</NetGUID>
        <ProfConnName>NONE</ProfConnName>
      </PrefConn>
    </ConnManager>
  </Settings>
  <Main>
    <Sound>
      <MsgToneAlertType>vib</MsgToneAlertType>
    </Sound>
  </Main>
</CustomerData>
